pos.x,pos.y,pos.z,move.x,bUse,nType
40.000000,445.000000,0.000000,3.000000,1,0
